epoch,time,train/box_loss,train/cls_loss,train/dfl_loss,metrics/precision(B),metrics/recall(B),metrics/mAP50(B),metrics/mAP50-95(B),val/box_loss,val/cls_loss,val/dfl_loss,lr/pg0,lr/pg1,lr/pg2
1,3.45102,2.20046,6.79469,1.1983,0,0,0,0,2.08468,5.02882,1.19317,0.000175,0.000175,0.000175
2,5.56475,1.96424,6.17233,1.12187,0,0,0,0,1.48244,4.53036,0.96776,0.000358911,0.000358911,0.000358911
3,7.42594,1.77912,4.81334,1.03802,0.00012,0.02151,7e-05,3e-05,1.50261,4.24155,0.93607,0.00053911,0.00053911,0.00053911
4,9.29522,1.70557,4.41103,1.01683,0.00278,0.4383,0.19955,0.10547,1.48366,3.80648,0.96295,0.000715596,0.000715596,0.000715596
5,11.176,1.80397,4.25738,1.04739,0.00324,0.4808,0.19324,0.10107,1.45056,3.73936,0.96203,0.00088837,0.00088837,0.00088837
6,13.1375,1.63297,3.70447,0.99069,0.0042,0.64004,0.38504,0.22099,1.43187,3.46216,0.95819,0.00105743,0.00105743,0.00105743
7,15.1109,1.52961,3.78749,1.0016,0.8055,0.15501,0.52041,0.28884,1.4847,2.91261,0.99128,0.00117575,0.00117575,0.00117575
8,17.3173,1.7033,3.34072,1.06461,0.42826,0.52842,0.54469,0.32212,1.48291,2.32956,1.00556,0.00116337,0.00116337,0.00116337
9,19.1565,1.5572,3.24586,0.98109,0.53379,0.45403,0.62059,0.3474,1.5367,2.38234,1.00958,0.001151,0.001151,0.001151
10,21.0383,1.47094,3.12028,0.98132,0.52211,0.60164,0.65663,0.40229,1.42775,1.83501,0.9901,0.00113863,0.00113863,0.00113863
11,22.9045,1.51348,3.12603,0.97474,0.52211,0.60164,0.65663,0.40229,1.42775,1.83501,0.9901,0.00112625,0.00112625,0.00112625
12,24.7901,1.56148,2.77797,1.00887,0.51696,0.66103,0.6929,0.42249,1.39716,1.59654,0.98273,0.00111388,0.00111388,0.00111388
13,26.7759,1.58977,2.8958,0.94929,0.55232,0.81464,0.74244,0.39455,1.63148,1.61981,1.03393,0.0011015,0.0011015,0.0011015
14,28.8312,1.57202,2.71732,1.02522,0.71314,0.75627,0.82995,0.44056,1.52105,1.52112,1.00012,0.00108913,0.00108913,0.00108913
15,30.7498,1.4969,2.68745,0.95028,0.85017,0.77205,0.83466,0.53877,1.28868,1.4355,0.95453,0.00107675,0.00107675,0.00107675
16,32.5995,1.53043,2.89817,0.9842,0.72715,0.7619,0.82694,0.5195,1.26851,1.46854,0.95278,0.00106437,0.00106437,0.00106437
17,34.4622,1.46222,2.59001,0.9195,0.80733,0.70353,0.81841,0.47259,1.37108,1.44168,0.96165,0.001052,0.001052,0.001052
18,36.3497,1.36171,2.46215,0.98596,0.77137,0.78674,0.82828,0.48466,1.35172,1.42251,0.96335,0.00103962,0.00103962,0.00103962
19,38.1884,1.33654,2.32669,0.93726,0.72494,0.80952,0.82612,0.52294,1.29523,1.24392,0.95204,0.00102725,0.00102725,0.00102725
20,40.0222,1.28963,2.48577,0.91043,0.78043,0.85714,0.86433,0.55617,1.29006,1.33637,0.94688,0.00101488,0.00101488,0.00101488
21,42.0695,1.3169,2.02994,0.93705,0.79675,0.85714,0.88503,0.57653,1.22402,1.23736,0.93312,0.0010025,0.0010025,0.0010025
22,43.9691,1.35382,2.24135,0.92036,0.91994,0.85714,0.92313,0.56047,1.23661,1.29881,0.93881,0.000990125,0.000990125,0.000990125
23,45.8441,1.30666,2.446,0.91761,0.9161,0.87519,0.93909,0.60413,1.20746,1.27378,0.93036,0.00097775,0.00097775,0.00097775
24,47.7341,1.26146,2.0732,0.93284,0.91408,0.88889,0.94412,0.61077,1.2119,1.06995,0.92432,0.000965375,0.000965375,0.000965375
25,49.6182,1.36265,2.14986,0.92547,0.90209,0.85814,0.93904,0.64497,1.10126,1.05932,0.90384,0.000953,0.000953,0.000953
26,51.473,1.18415,1.90336,0.93991,0.9575,0.81529,0.94776,0.64517,1.10893,1.05578,0.90527,0.000940625,0.000940625,0.000940625
27,53.4768,1.25467,1.81521,0.91338,0.9575,0.81529,0.94776,0.64517,1.10893,1.05578,0.90527,0.00092825,0.00092825,0.00092825
28,55.3518,1.26145,1.99453,0.90509,0.89698,0.85828,0.96772,0.67479,1.08633,1.00571,0.90119,0.000915875,0.000915875,0.000915875
29,57.1889,1.175,2.0094,0.93131,0.96578,0.83612,0.96643,0.70676,1.07247,0.95671,0.89977,0.0009035,0.0009035,0.0009035
30,59.017,1.28586,1.95882,0.93648,0.98346,0.87302,0.97187,0.70034,1.07748,0.89013,0.90292,0.000891125,0.000891125,0.000891125
31,60.8505,1.23022,1.88359,0.92574,0.98626,0.87302,0.96797,0.68654,1.05532,0.82786,0.90429,0.00087875,0.00087875,0.00087875
32,62.8762,1.23264,1.72415,0.90555,0.98334,0.87835,0.96841,0.66784,1.0669,0.80616,0.91018,0.000866375,0.000866375,0.000866375
33,64.6793,1.21346,1.69039,0.92644,0.9774,0.87418,0.97334,0.68891,1.03535,0.75021,0.90418,0.000854,0.000854,0.000854
34,66.4721,1.17076,1.70315,0.91344,0.87657,0.98632,0.97334,0.67497,1.03294,0.72146,0.89704,0.000841625,0.000841625,0.000841625
35,68.358,1.1498,1.77096,0.90993,0.88715,0.96316,0.96608,0.64809,1.07602,0.76728,0.90138,0.00082925,0.00082925,0.00082925
36,70.1561,1.19004,1.77782,0.91618,1,0.89602,0.981,0.62972,1.17432,0.78004,0.91689,0.000816875,0.000816875,0.000816875
37,72.082,1.14332,1.69812,0.90514,0.98656,0.92948,0.98402,0.65572,1.16959,0.74246,0.91754,0.0008045,0.0008045,0.0008045
38,73.9752,1.29134,1.83339,0.93832,0.95296,0.98413,0.99439,0.71491,1.03516,0.73914,0.89492,0.000792125,0.000792125,0.000792125
39,75.7467,1.21554,1.59923,0.88947,0.96038,0.98113,0.99439,0.71143,1.03646,0.72292,0.89499,0.00077975,0.00077975,0.00077975
40,77.6724,1.23002,1.97988,0.92911,0.96697,0.9754,0.99439,0.72531,0.98823,0.65495,0.88872,0.000767375,0.000767375,0.000767375
41,79.6199,1.12711,1.48379,0.87175,0.99196,0.95081,0.98917,0.66599,1.1423,0.65216,0.91176,0.000755,0.000755,0.000755
42,81.575,1.17923,1.5945,0.91538,0.99602,0.95081,0.98917,0.62929,1.23596,0.67247,0.92801,0.000742625,0.000742625,0.000742625
43,83.3787,1.36039,1.701,0.93689,0.99602,0.95081,0.98917,0.62929,1.23596,0.67247,0.92801,0.00073025,0.00073025,0.00073025
44,85.1437,1.21645,1.3834,0.91544,0.99681,0.95224,0.98917,0.70178,1.07468,0.63898,0.90165,0.000717875,0.000717875,0.000717875
45,86.9667,1.19749,1.53703,0.91812,0.98682,0.99519,0.995,0.70806,1.01676,0.61818,0.89696,0.0007055,0.0007055,0.0007055
46,88.9257,1.24849,1.57331,0.92307,0.99157,1,0.995,0.70877,1.06893,0.62697,0.90439,0.000693125,0.000693125,0.000693125
47,90.9995,1.26544,1.54747,0.90927,0.96797,1,0.995,0.73482,0.98672,0.60121,0.88797,0.00068075,0.00068075,0.00068075
48,92.9624,1.13732,1.53311,0.90819,0.96864,0.98837,0.995,0.73646,1.00456,0.61913,0.8836,0.000668375,0.000668375,0.000668375
49,94.8175,1.18114,2.05721,0.912,0.97559,0.988,0.995,0.68228,1.11067,0.63029,0.89855,0.000656,0.000656,0.000656
50,96.7472,1.12471,1.40258,0.89288,0.97575,0.98806,0.995,0.69379,1.09791,0.63434,0.89658,0.000643625,0.000643625,0.000643625
51,98.9883,1.14269,1.44477,0.91669,0.97448,0.99866,0.995,0.69386,1.03919,0.61008,0.88533,0.00063125,0.00063125,0.00063125
52,100.972,1.13737,1.37849,0.87489,0.95851,1,0.995,0.76084,0.93398,0.58245,0.86889,0.000618875,0.000618875,0.000618875
53,102.791,1.02356,1.35093,0.85543,0.97798,1,0.995,0.75796,0.9241,0.56447,0.86478,0.0006065,0.0006065,0.0006065
54,104.587,0.97601,1.28001,0.87992,0.99202,1,0.995,0.75808,0.906,0.55004,0.86526,0.000594125,0.000594125,0.000594125
55,106.42,0.99406,1.26472,0.89493,0.98567,1,0.995,0.7411,0.95274,0.55793,0.87164,0.00058175,0.00058175,0.00058175
56,108.28,1.01983,1.45541,0.89919,0.98536,1,0.995,0.75333,0.93533,0.5652,0.86907,0.000569375,0.000569375,0.000569375
57,110.086,0.99849,1.39755,0.83949,0.98674,1,0.995,0.76641,0.86245,0.55255,0.85933,0.000557,0.000557,0.000557
58,111.893,1.0024,1.33832,0.86852,0.99256,1,0.995,0.7685,0.8282,0.52793,0.85315,0.000544625,0.000544625,0.000544625
59,113.642,0.90319,1.13136,0.86523,0.99256,1,0.995,0.7685,0.8282,0.52793,0.85315,0.00053225,0.00053225,0.00053225
60,115.445,0.93555,1.22286,0.86696,0.99205,1,0.995,0.76553,0.80937,0.51973,0.85065,0.000519875,0.000519875,0.000519875
61,117.282,0.92033,1.21178,0.84831,0.99147,1,0.995,0.77373,0.827,0.53922,0.85126,0.0005075,0.0005075,0.0005075
62,119.125,0.9051,1.2386,0.84993,0.99515,0.9994,0.995,0.7695,0.81921,0.53701,0.84918,0.000495125,0.000495125,0.000495125
63,120.945,0.93165,1.25253,0.8566,0.99587,0.99631,0.995,0.77625,0.81897,0.52227,0.8485,0.00048275,0.00048275,0.00048275
64,122.733,1.03535,1.16666,0.86596,0.99646,0.98792,0.995,0.77761,0.82465,0.52121,0.85074,0.000470375,0.000470375,0.000470375
65,124.542,0.91239,1.23517,0.85142,0.99046,0.98546,0.995,0.77481,0.80268,0.50134,0.84769,0.000458,0.000458,0.000458
66,126.434,0.99212,1.4318,0.829,0.97566,0.98492,0.995,0.77928,0.80854,0.50734,0.84722,0.000445625,0.000445625,0.000445625
67,128.226,0.97335,1.24529,0.81298,0.94245,0.99594,0.995,0.77062,0.80679,0.51764,0.84512,0.00043325,0.00043325,0.00043325
68,130.022,1.00566,1.1375,0.89895,0.9461,1,0.995,0.78767,0.82438,0.51255,0.84684,0.000420875,0.000420875,0.000420875
69,131.825,0.97476,1.14538,0.8529,0.95075,1,0.995,0.78936,0.84114,0.51313,0.84803,0.0004085,0.0004085,0.0004085
70,133.611,1.00266,1.49447,0.85124,0.97393,0.99933,0.995,0.79578,0.8308,0.50399,0.84649,0.000396125,0.000396125,0.000396125
71,135.37,0.99023,1.17467,0.87039,0.98045,1,0.995,0.79293,0.78431,0.50037,0.84138,0.00038375,0.00038375,0.00038375
72,137.195,0.87685,1.03927,0.85665,0.99176,1,0.995,0.80418,0.75979,0.4927,0.83719,0.000371375,0.000371375,0.000371375
73,139.012,0.91471,1.13719,0.85195,0.99485,1,0.995,0.80177,0.76574,0.48792,0.83737,0.000359,0.000359,0.000359
74,140.9,0.95082,1.17753,0.85971,0.99466,1,0.995,0.81718,0.75374,0.48455,0.83578,0.000346625,0.000346625,0.000346625
75,142.845,0.90577,1.10246,0.85471,0.99466,1,0.995,0.81718,0.75374,0.48455,0.83578,0.00033425,0.00033425,0.00033425
76,144.654,0.89105,1.1216,0.85859,0.99395,1,0.995,0.79705,0.74585,0.4836,0.83721,0.000321875,0.000321875,0.000321875
77,146.452,0.85406,1.06477,0.84168,0.99115,0.99871,0.995,0.80629,0.75294,0.47073,0.83989,0.0003095,0.0003095,0.0003095
78,148.219,0.85843,1.08516,0.82871,0.99001,0.99294,0.995,0.80687,0.74863,0.46266,0.84025,0.000297125,0.000297125,0.000297125
79,150.07,0.85025,1.08758,0.83991,0.98956,0.99225,0.995,0.81307,0.74797,0.46713,0.83895,0.00028475,0.00028475,0.00028475
80,152.013,0.79386,0.98896,0.85152,0.99098,0.99288,0.995,0.81144,0.7298,0.46273,0.83686,0.000272375,0.000272375,0.000272375
81,153.973,0.84056,1.08824,0.84495,0.99237,0.9936,0.995,0.81585,0.72489,0.4487,0.83381,0.00026,0.00026,0.00026
82,156.023,0.80156,1.03153,0.84567,0.99408,0.99631,0.995,0.81443,0.73089,0.46205,0.83359,0.000247625,0.000247625,0.000247625
83,157.974,0.82712,0.99389,0.81968,0.99565,0.99903,0.995,0.82745,0.72638,0.45931,0.8315,0.00023525,0.00023525,0.00023525
84,159.932,0.75478,0.93662,0.84024,0.99526,1,0.995,0.81548,0.70779,0.4708,0.82829,0.000222875,0.000222875,0.000222875
85,161.781,0.74771,0.96785,0.81929,0.99467,1,0.995,0.82213,0.70277,0.46752,0.82691,0.0002105,0.0002105,0.0002105
86,163.568,0.82223,0.98821,0.84654,0.9942,1,0.995,0.82095,0.69422,0.46472,0.82713,0.000198125,0.000198125,0.000198125
87,165.329,0.86935,1.16324,0.84764,0.99118,1,0.995,0.82519,0.68777,0.45098,0.82592,0.00018575,0.00018575,0.00018575
88,167.146,0.78819,0.91541,0.82336,0.98957,1,0.995,0.82216,0.67502,0.44601,0.82561,0.000173375,0.000173375,0.000173375
89,168.944,0.8546,0.99647,0.85063,0.98827,1,0.995,0.82426,0.6686,0.44202,0.82502,0.000161,0.000161,0.000161
90,170.744,0.83132,1.0505,0.85535,0.98796,1,0.995,0.83302,0.66508,0.44605,0.82428,0.000148625,0.000148625,0.000148625
